Reference,Value,Footprint,Qty,,
"C1,C2,C3,C4,C5,C9",100nf,Capacitor_SMD:C_0603_1608Metric_Pad1.08x0.95mm_HandSolder,6,C¾ s?n,
C6,1uf,Capacitor_SMD:C_0603_1608Metric_Pad1.08x0.95mm_HandSolder,1,,
"C8,C16",330uF,Capacitor_THT:CP_Radial_D8.0mm_P5.00mm,2,,
"C10,C18",10uf,tue_tantalum6032:tue_tantalum_6032,2,Thi?u,
"C11,C12,C13",330uf,Capacitor_THT:CP_Radial_D8.0mm_P5.00mm,3,,
"C14,C15",20pf,Capacitor_SMD:C_0603_1608Metric_Pad1.08x0.95mm_HandSolder,2,C¾ s?n,
C17,470uf,Capacitor_THT:CP_Radial_D8.0mm_P5.00mm,1,Thi?u,
"D1,D2",SS34,Diode_SMD:D_SMA,2,,
DS1,LED_PWR,LED_SMD:LED_0603_1608Metric_Pad1.05x0.95mm_HandSolder,1,C¾ s?n,
DS2,LED_PC13,LED_SMD:LED_0603_1608Metric_Pad1.05x0.95mm_HandSolder,1,,
DS4,LED_TMC_EN,LED_SMD:LED_0603_1608Metric_Pad1.05x0.95mm_HandSolder,1,,
FB1,120R,Resistor_SMD:R_0603_1608Metric,1,,
J1,Power,tue_TerminalBlock:TerminalBlock_bornier-2_P5.08mm,1,,
J2,M1,tue_TerminalBlock:TerminalBlock_bornier-2_P5.08mm,1,,
J3,USB_B_Micro,Connector_USB:USB_Micro-B_Amphenol_10118193-0001LF_Horizontal,1,,
J4,M2,tue_TerminalBlock:TerminalBlock_bornier-2_P5.08mm,1,,
J5,M3,tue_TerminalBlock:TerminalBlock_bornier-2_P5.08mm,1,,
J6,AS5600,Connector_PinHeader_2.54mm:PinHeader_1x04_P2.54mm_Vertical,1,,
J7,STLink,Connector_PinHeader_2.54mm:PinHeader_1x04_P2.54mm_Vertical,1,,
J8,Stepper_Motor,Connector_JST:JST_XH_B4B-XH-A_1x04_P2.50mm_Vertical,1,,
J10,HC05,Connector_PinHeader_2.54mm:PinHeader_1x06_P2.54mm_Vertical,1,,
J11,PWR_Selection,tue_switch-SS12D00:tue_SS12D00_3P_2.5mm,1,Thi?u,
J12,BOOT0,tue_switch-SS12D00:tue_SS12D00_3P_2.5mm,1,,
L1,CDRH127/LDNP-47uH,tue_inductor_smd:tue__CDRH127LDNP-470MC_SUM,1,,
"R3,R9,R10,R12,R19,R20,R22,R24,R26,R28,R30,R32",10k,Resistor_SMD:R_0603_1608Metric_Pad0.98x0.95mm_HandSolder,12,C¾ s?n,
"R7,R13,R16",1k,Resistor_SMD:R_0603_1608Metric_Pad0.98x0.95mm_HandSolder,3,,
R11,1k5,Resistor_SMD:R_0603_1608Metric_Pad0.98x0.95mm_HandSolder,1,,
"R14,R15",20-22R,Resistor_SMD:R_0603_1608Metric_Pad0.98x0.95mm_HandSolder,2,,
SW1,SW_Push,Button_Switch_THT:SW_PUSH_6mm,1,,
U2,AMS1117-3.3,tue_ams1117:SOT_AMS_ADS,1,Thi?u,
U3,LM2596SX-5.0/NOPB,tue_lm2596hvs:tue_lm2596,1,,
U4,TMC2209_SILENTSTEPSTICK,tue_TMC2209:tue_TMC2209,1,,
"U5,U8,U10",BTS7960B,tue_bts7960b:DPAK127P1490X440-8N,3,,
U6,STM32F103RCT6,tue_stm32f103rct6:QFP50P1200X1200X160-64N,1,,
Y1,8 MHz,Crystal:Crystal_HC49-4H_Vertical,1,,
